,round,gameday,date,time,gamenumber,gamecode,group,hometeam,homecode,homescore,awayteam,awaycode,awayscore,played
0,RS,1,"Oct 03, 2024",18:45,1,E2024_1,Regular Season,ALBA BERLIN,BER,77,PANATHINAIKOS AKTOR ATHENS,PAN,87,True
1,RS,1,"Oct 03, 2024",19:00,2,E2024_2,Regular Season,AS MONACO,MCO,93,EA7 EMPORIO ARMANI MILAN,MIL,80,True
2,RS,1,"Oct 03, 2024",19:00,3,E2024_3,Regular Season,ZALGIRIS KAUNAS,ZAL,74,FC BARCELONA,BAR,67,True
3,RS,1,"Oct 03, 2024",20:30,4,E2024_4,Regular Season,BASKONIA VITORIA-GASTEIZ,BAS,88,PARTIZAN MOZZART BET BELGRADE,PAR,82,True
4,RS,1,"Oct 03, 2024",20:45,5,E2024_5,Regular Season,FC BAYERN MUNICH,MUN,97,REAL MADRID,MAD,89,True
5,RS,1,"Oct 03, 2024",21:00,6,E2024_6,Regular Season,MACCABI PLAYTIKA TEL AVIV,TEL,89,LDLC ASVEL VILLEURBANNE,ASV,82,True
6,RS,1,"Oct 04, 2024",19:30,7,E2024_7,Regular Season,FENERBAHCE BEKO ISTANBUL,ULK,82,OLYMPIACOS PIRAEUS,OLY,71,True
7,RS,1,"Oct 04, 2024",21:00,8,E2024_8,Regular Season,PARIS BASKETBALL,PRS,77,CRVENA ZVEZDA MERIDIANBET BELGRADE,RED,80,True
8,RS,1,"Oct 04, 2024",21:00,9,E2024_9,Regular Season,VIRTUS SEGAFREDO BOLOGNA,VIR,67,ANADOLU EFES ISTANBUL,IST,76,True
9,RS,2,"Oct 09, 2024",19:00,10,E2024_10,Regular Season,AS MONACO,MCO,85,MACCABI PLAYTIKA TEL AVIV,TEL,79,True
10,RS,2,"Oct 09, 2024",20:00,11,E2024_11,Regular Season,CRVENA ZVEZDA MERIDIANBET BELGRADE,RED,78,BASKONIA VITORIA-GASTEIZ,BAS,71,True
11,RS,2,"Oct 10, 2024",19:30,12,E2024_12,Regular Season,ANADOLU EFES ISTANBUL,IST,78,FENERBAHCE BEKO ISTANBUL,ULK,83,True
12,RS,2,"Oct 10, 2024",20:00,13,E2024_13,Regular Season,LDLC ASVEL VILLEURBANNE,ASV,87,VIRTUS SEGAFREDO BOLOGNA,VIR,85,True
13,RS,2,"Oct 10, 2024",20:15,14,E2024_14,Regular Season,PANATHINAIKOS AKTOR ATHENS,PAN,94,FC BAYERN MUNICH,MUN,79,True
14,RS,2,"Oct 10, 2024",20:45,15,E2024_15,Regular Season,REAL MADRID,MAD,93,PARTIZAN MOZZART BET BELGRADE,PAR,86,True
15,RS,2,"Oct 11, 2024",20:30,16,E2024_16,Regular Season,EA7 EMPORIO ARMANI MILAN,MIL,79,PARIS BASKETBALL,PRS,74,True
16,RS,2,"Oct 11, 2024",20:30,17,E2024_17,Regular Season,FC BARCELONA,BAR,88,ALBA BERLIN,BER,73,True
17,RS,2,"Oct 11, 2024",20:15,18,E2024_18,Regular Season,OLYMPIACOS PIRAEUS,OLY,74,ZALGIRIS KAUNAS,ZAL,68,True
18,RS,3,"Oct 15, 2024",19:30,19,E2024_19,Regular Season,ALBA BERLIN,BER,84,LDLC ASVEL VILLEURBANNE,ASV,79,True
19,RS,3,"Oct 15, 2024",19:45,20,E2024_20,Regular Season,FENERBAHCE BEKO ISTANBUL,ULK,57,CRVENA ZVEZDA MERIDIANBET BELGRADE,RED,76,True
20,RS,3,"Oct 15, 2024",20:15,21,E2024_21,Regular Season,OLYMPIACOS PIRAEUS,OLY,89,EA7 EMPORIO ARMANI MILAN,MIL,68,True
21,RS,3,"Oct 15, 2024",20:30,22,E2024_22,Regular Season,BASKONIA VITORIA-GASTEIZ,BAS,76,REAL MADRID,MAD,72,True
22,RS,3,"Oct 15, 2024",20:30,23,E2024_23,Regular Season,PARIS BASKETBALL,PRS,84,PANATHINAIKOS AKTOR ATHENS,PAN,80,True
23,RS,3,"Oct 15, 2024",20:30,24,E2024_24,Regular Season,VIRTUS SEGAFREDO BOLOGNA,VIR,68,ZALGIRIS KAUNAS,ZAL,71,True
24,RS,3,"Oct 16, 2024",20:30,25,E2024_25,Regular Season,FC BARCELONA,BAR,86,AS MONACO,MCO,71,True
25,RS,3,"Oct 15, 2024",20:45,26,E2024_26,Regular Season,PARTIZAN MOZZART BET BELGRADE,PAR,86,FC BAYERN MUNICH,MUN,78,True
26,RS,3,"Oct 15, 2024",20:05,27,E2024_27,Regular Season,MACCABI PLAYTIKA TEL AVIV,TEL,93,ANADOLU EFES ISTANBUL,IST,91,True
27,RS,4,"Oct 17, 2024",19:30,28,E2024_28,Regular Season,ALBA BERLIN,BER,71,FENERBAHCE BEKO ISTANBUL,ULK,78,True
28,RS,4,"Oct 17, 2024",20:30,29,E2024_29,Regular Season,EA7 EMPORIO ARMANI MILAN,MIL,82,ZALGIRIS KAUNAS,ZAL,85,True
29,RS,4,"Oct 17, 2024",20:45,30,E2024_30,Regular Season,FC BAYERN MUNICH,MUN,109,PARIS BASKETBALL,PRS,107,True
30,RS,4,"Oct 17, 2024",20:45,31,E2024_31,Regular Season,REAL MADRID,MAD,90,PANATHINAIKOS AKTOR ATHENS,PAN,86,True
31,RS,4,"Oct 17, 2024",20:05,32,E2024_32,Regular Season,MACCABI PLAYTIKA TEL AVIV,TEL,79,PARTIZAN MOZZART BET BELGRADE,PAR,91,True
32,RS,4,"Oct 18, 2024",19:00,33,E2024_33,Regular Season,AS MONACO,MCO,101,VIRTUS SEGAFREDO BOLOGNA,VIR,85,True
33,RS,4,"Oct 18, 2024",19:30,34,E2024_34,Regular Season,ANADOLU EFES ISTANBUL,IST,91,OLYMPIACOS PIRAEUS,OLY,89,True
34,RS,4,"Oct 18, 2024",20:00,35,E2024_35,Regular Season,CRVENA ZVEZDA MERIDIANBET BELGRADE,RED,94,FC BARCELONA,BAR,98,True
35,RS,4,"Oct 18, 2024",20:30,36,E2024_36,Regular Season,LDLC ASVEL VILLEURBANNE,ASV,76,BASKONIA VITORIA-GASTEIZ,BAS,69,True
36,RS,5,"Oct 23, 2024",20:30,37,E2024_37,Regular Season,PARTIZAN MOZZART BET BELGRADE,PAR,69,VIRTUS SEGAFREDO BOLOGNA,VIR,70,True
37,RS,5,"Oct 24, 2024",19:00,38,E2024_38,Regular Season,AS MONACO,MCO,80,PARIS BASKETBALL,PRS,87,True
38,RS,5,"Oct 24, 2024",19:00,39,E2024_39,Regular Season,ZALGIRIS KAUNAS,ZAL,78,MACCABI PLAYTIKA TEL AVIV,TEL,63,True
39,RS,5,"Oct 24, 2024",20:30,40,E2024_40,Regular Season,EA7 EMPORIO ARMANI MILAN,MIL,84,ANADOLU EFES ISTANBUL,IST,96,True
40,RS,5,"Oct 24, 2024",20:30,41,E2024_41,Regular Season,BASKONIA VITORIA-GASTEIZ,BAS,80,ALBA BERLIN,BER,57,True
41,RS,5,"Oct 24, 2024",20:45,42,E2024_42,Regular Season,REAL MADRID,MAD,95,CRVENA ZVEZDA MERIDIANBET BELGRADE,RED,72,True
42,RS,5,"Oct 25, 2024",19:45,43,E2024_43,Regular Season,FENERBAHCE BEKO ISTANBUL,ULK,76,PANATHINAIKOS AKTOR ATHENS,PAN,81,True
43,RS,5,"Oct 25, 2024",20:30,44,E2024_44,Regular Season,FC BARCELONA,BAR,90,LDLC ASVEL VILLEURBANNE,ASV,83,True
44,RS,5,"Oct 25, 2024",20:45,45,E2024_45,Regular Season,FC BAYERN MUNICH,MUN,84,OLYMPIACOS PIRAEUS,OLY,80,True
45,RS,6,"Oct 29, 2024",18:30,46,E2024_46,Regular Season,ANADOLU EFES ISTANBUL,IST,88,FC BARCELONA,BAR,97,True
46,RS,6,"Oct 29, 2024",19:30,47,E2024_47,Regular Season,FENERBAHCE BEKO ISTANBUL,ULK,84,MACCABI PLAYTIKA TEL AVIV,TEL,82,True
47,RS,6,"Oct 30, 2024",19:00,48,E2024_48,Regular Season,ZALGIRIS KAUNAS,ZAL,86,CRVENA ZVEZDA MERIDIANBET BELGRADE,RED,84,True
48,RS,6,"Oct 29, 2024",19:30,49,E2024_49,Regular Season,ALBA BERLIN,BER,83,PARIS BASKETBALL,PRS,92,True
49,RS,6,"Oct 29, 2024",20:15,50,E2024_50,Regular Season,OLYMPIACOS PIRAEUS,OLY,79,REAL MADRID,MAD,69,True
50,RS,6,"Oct 30, 2024",20:15,51,E2024_51,Regular Season,PANATHINAIKOS AKTOR ATHENS,PAN,92,LDLC ASVEL VILLEURBANNE,ASV,68,True
51,RS,6,"Oct 29, 2024",20:30,52,E2024_52,Regular Season,BASKONIA VITORIA-GASTEIZ,BAS,88,EA7 EMPORIO ARMANI MILAN,MIL,83,True
52,RS,6,"Oct 30, 2024",20:45,53,E2024_53,Regular Season,PARTIZAN MOZZART BET BELGRADE,PAR,74,AS MONACO,MCO,79,True
53,RS,6,"Oct 29, 2024",21:00,54,E2024_54,Regular Season,VIRTUS SEGAFREDO BOLOGNA,VIR,84,FC BAYERN MUNICH,MUN,87,True
54,RS,7,"Oct 31, 2024",20:00,55,E2024_55,Regular Season,ALBA BERLIN,BER,70,ANADOLU EFES ISTANBUL,IST,86,True
55,RS,7,"Oct 31, 2024",20:15,56,E2024_56,Regular Season,OLYMPIACOS PIRAEUS,OLY,95,FC BARCELONA,BAR,74,True
56,RS,7,"Oct 31, 2024",20:30,57,E2024_57,Regular Season,EA7 EMPORIO ARMANI MILAN,MIL,99,VIRTUS SEGAFREDO BOLOGNA,VIR,90,True
57,RS,7,"Oct 31, 2024",20:05,58,E2024_58,Regular Season,MACCABI PLAYTIKA TEL AVIV,TEL,79,REAL MADRID,MAD,78,True
58,RS,7,"Nov 01, 2024",18:45,59,E2024_59,Regular Season,FENERBAHCE BEKO ISTANBUL,ULK,89,PARTIZAN MOZZART BET BELGRADE,PAR,72,True
59,RS,7,"Nov 01, 2024",19:00,60,E2024_60,Regular Season,ZALGIRIS KAUNAS,ZAL,63,AS MONACO,MCO,62,True
60,RS,7,"Nov 01, 2024",20:00,61,E2024_61,Regular Season,CRVENA ZVEZDA MERIDIANBET BELGRADE,RED,77,PANATHINAIKOS AKTOR ATHENS,PAN,81,True
61,RS,7,"Nov 01, 2024",20:00,62,E2024_62,Regular Season,LDLC ASVEL VILLEURBANNE,ASV,71,FC BAYERN MUNICH,MUN,84,True
62,RS,7,"Nov 01, 2024",20:45,63,E2024_63,Regular Season,PARIS BASKETBALL,PRS,67,BASKONIA VITORIA-GASTEIZ,BAS,65,True
63,RS,8,"Nov 08, 2024",18:00,64,E2024_64,Regular Season,ANADOLU EFES ISTANBUL,IST,69,AS MONACO,MCO,81,True
64,RS,8,"Nov 07, 2024",19:00,65,E2024_65,Regular Season,CRVENA ZVEZDA MERIDIANBET BELGRADE,RED,92,ALBA BERLIN,BER,71,True
65,RS,8,"Nov 07, 2024",20:30,66,E2024_66,Regular Season,EA7 EMPORIO ARMANI MILAN,MIL,85,REAL MADRID,MAD,76,True
66,RS,8,"Nov 07, 2024",20:45,67,E2024_67,Regular Season,FC BAYERN MUNICH,MUN,77,ZALGIRIS KAUNAS,ZAL,74,True
67,RS,8,"Nov 07, 2024",20:45,68,E2024_68,Regular Season,PARIS BASKETBALL,PRS,74,PARTIZAN MOZZART BET BELGRADE,PAR,71,True
68,RS,8,"Nov 08, 2024",20:00,69,E2024_69,Regular Season,LDLC ASVEL VILLEURBANNE,ASV,73,FENERBAHCE BEKO ISTANBUL,ULK,77,True
69,RS,8,"Nov 08, 2024",20:15,70,E2024_70,Regular Season,PANATHINAIKOS AKTOR ATHENS,PAN,89,OLYMPIACOS PIRAEUS,OLY,94,True
70,RS,8,"Nov 08, 2024",20:30,71,E2024_71,Regular Season,FC BARCELONA,BAR,91,BASKONIA VITORIA-GASTEIZ,BAS,68,True
71,RS,8,"Nov 08, 2024",20:30,72,E2024_72,Regular Season,VIRTUS SEGAFREDO BOLOGNA,VIR,84,MACCABI PLAYTIKA TEL AVIV,TEL,77,True
72,RS,9,"Nov 12, 2024",18:45,73,E2024_73,Regular Season,FENERBAHCE BEKO ISTANBUL,ULK,87,FC BAYERN MUNICH,MUN,76,True
73,RS,9,"Nov 12, 2024",19:00,74,E2024_74,Regular Season,AS MONACO,MCO,90,CRVENA ZVEZDA MERIDIANBET BELGRADE,RED,98,True
74,RS,9,"Nov 12, 2024",20:00,75,E2024_75,Regular Season,ALBA BERLIN,BER,105,EA7 EMPORIO ARMANI MILAN,MIL,101,True
75,RS,9,"Nov 12, 2024",20:00,76,E2024_76,Regular Season,OLYMPIACOS PIRAEUS,OLY,94,LDLC ASVEL VILLEURBANNE,ASV,92,True
76,RS,9,"Nov 12, 2024",20:15,77,E2024_77,Regular Season,PANATHINAIKOS AKTOR ATHENS,PAN,93,MACCABI PLAYTIKA TEL AVIV,TEL,87,True
77,RS,9,"Nov 12, 2024",20:30,78,E2024_78,Regular Season,BASKONIA VITORIA-GASTEIZ,BAS,84,ANADOLU EFES ISTANBUL,IST,89,True
78,RS,9,"Nov 12, 2024",20:45,79,E2024_79,Regular Season,REAL MADRID,MAD,98,VIRTUS SEGAFREDO BOLOGNA,VIR,86,True
79,RS,9,"Nov 13, 2024",18:00,80,E2024_80,Regular Season,PARTIZAN MOZZART BET BELGRADE,PAR,79,FC BARCELONA,BAR,87,True
80,RS,9,"Nov 13, 2024",20:30,81,E2024_81,Regular Season,PARIS BASKETBALL,PRS,83,ZALGIRIS KAUNAS,ZAL,77,True
81,RS,10,"Nov 14, 2024",20:00,82,E2024_82,Regular Season,LDLC ASVEL VILLEURBANNE,ASV,77,CRVENA ZVEZDA MERIDIANBET BELGRADE,RED,74,True
82,RS,10,"Nov 14, 2024",20:30,83,E2024_83,Regular Season,BASKONIA VITORIA-GASTEIZ,BAS,75,AS MONACO,MCO,87,True
83,RS,10,"Nov 14, 2024",20:30,84,E2024_84,Regular Season,FC BAYERN MUNICH,MUN,115,ALBA BERLIN,BER,88,True
84,RS,10,"Nov 14, 2024",20:45,85,E2024_85,Regular Season,REAL MADRID,MAD,64,ANADOLU EFES ISTANBUL,IST,74,True
85,RS,10,"Nov 14, 2024",19:00,86,E2024_86,Regular Season,MACCABI PLAYTIKA TEL AVIV,TEL,91,OLYMPIACOS PIRAEUS,OLY,94,True
86,RS,10,"Nov 15, 2024",19:00,87,E2024_87,Regular Season,ZALGIRIS KAUNAS,ZAL,65,FENERBAHCE BEKO ISTANBUL,ULK,72,True
87,RS,10,"Nov 15, 2024",20:30,88,E2024_88,Regular Season,FC BARCELONA,BAR,87,PARIS BASKETBALL,PRS,103,True
88,RS,10,"Nov 15, 2024",20:30,89,E2024_89,Regular Season,PARTIZAN MOZZART BET BELGRADE,PAR,81,EA7 EMPORIO ARMANI MILAN,MIL,88,True
89,RS,10,"Nov 15, 2024",20:30,90,E2024_90,Regular Season,VIRTUS SEGAFREDO BOLOGNA,VIR,77,PANATHINAIKOS AKTOR ATHENS,PAN,82,True
90,RS,11,"Nov 20, 2024",20:30,91,E2024_91,Regular Season,VIRTUS SEGAFREDO BOLOGNA,VIR,82,FENERBAHCE BEKO ISTANBUL,ULK,86,True
91,RS,11,"Nov 21, 2024",19:00,92,E2024_92,Regular Season,AS MONACO,MCO,103,LDLC ASVEL VILLEURBANNE,ASV,92,True
92,RS,11,"Nov 21, 2024",20:00,93,E2024_93,Regular Season,CRVENA ZVEZDA MERIDIANBET BELGRADE,RED,77,PARTIZAN MOZZART BET BELGRADE,PAR,89,True
93,RS,11,"Nov 21, 2024",20:15,94,E2024_94,Regular Season,OLYMPIACOS PIRAEUS,OLY,92,BASKONIA VITORIA-GASTEIZ,BAS,69,True
94,RS,11,"Nov 21, 2024",20:30,95,E2024_95,Regular Season,EA7 EMPORIO ARMANI MILAN,MIL,98,MACCABI PLAYTIKA TEL AVIV,TEL,86,True
95,RS,11,"Nov 21, 2024",20:45,96,E2024_96,Regular Season,REAL MADRID,MAD,98,ALBA BERLIN,BER,84,True
96,RS,11,"Nov 21, 2024",18:30,97,E2024_97,Regular Season,ANADOLU EFES ISTANBUL,IST,84,PARIS BASKETBALL,PRS,93,True
97,RS,11,"Nov 22, 2024",19:00,98,E2024_98,Regular Season,ZALGIRIS KAUNAS,ZAL,84,PANATHINAIKOS AKTOR ATHENS,PAN,77,True
98,RS,11,"Nov 22, 2024",20:30,99,E2024_99,Regular Season,FC BAYERN MUNICH,MUN,100,FC BARCELONA,BAR,78,True
99,RS,12,"Nov 28, 2024",19:00,100,E2024_100,Regular Season,ZALGIRIS KAUNAS,ZAL,70,BASKONIA VITORIA-GASTEIZ,BAS,83,True
100,RS,12,"Nov 28, 2024",20:00,101,E2024_101,Regular Season,ALBA BERLIN,BER,85,MACCABI PLAYTIKA TEL AVIV,TEL,103,True
101,RS,12,"Nov 28, 2024",20:30,102,E2024_102,Regular Season,PARIS BASKETBALL,PRS,81,VIRTUS SEGAFREDO BOLOGNA,VIR,78,True
102,RS,12,"Nov 28, 2024",20:30,103,E2024_103,Regular Season,PARTIZAN MOZZART BET BELGRADE,PAR,78,OLYMPIACOS PIRAEUS,OLY,70,True
103,RS,12,"Nov 29, 2024",18:45,104,E2024_104,Regular Season,FENERBAHCE BEKO ISTANBUL,ULK,85,EA7 EMPORIO ARMANI MILAN,MIL,91,True
104,RS,12,"Nov 29, 2024",20:00,105,E2024_105,Regular Season,CRVENA ZVEZDA MERIDIANBET BELGRADE,RED,101,FC BAYERN MUNICH,MUN,77,True
105,RS,12,"Nov 29, 2024",20:15,106,E2024_106,Regular Season,PANATHINAIKOS AKTOR ATHENS,PAN,88,AS MONACO,MCO,91,True
106,RS,12,"Nov 28, 2024",20:45,107,E2024_107,Regular Season,FC BARCELONA,BAR,90,REAL MADRID,MAD,97,True
107,RS,12,"Nov 29, 2024",21:00,108,E2024_108,Regular Season,LDLC ASVEL VILLEURBANNE,ASV,97,ANADOLU EFES ISTANBUL,IST,82,True
108,RS,13,"Dec 03, 2024",18:30,109,E2024_109,Regular Season,ANADOLU EFES ISTANBUL,IST,101,FC BAYERN MUNICH,MUN,90,True
109,RS,13,"Dec 03, 2024",20:00,110,E2024_110,Regular Season,LDLC ASVEL VILLEURBANNE,ASV,80,REAL MADRID,MAD,78,True
110,RS,13,"Dec 03, 2024",20:15,111,E2024_111,Regular Season,PANATHINAIKOS AKTOR ATHENS,PAN,90,FC BARCELONA,BAR,89,True
111,RS,13,"Dec 03, 2024",20:30,112,E2024_112,Regular Season,BASKONIA VITORIA-GASTEIZ,BAS,88,FENERBAHCE BEKO ISTANBUL,ULK,76,True
112,RS,13,"Dec 03, 2024",20:30,113,E2024_113,Regular Season,PARTIZAN MOZZART BET BELGRADE,PAR,84,ZALGIRIS KAUNAS,ZAL,78,True
113,RS,13,"Dec 03, 2024",20:05,114,E2024_114,Regular Season,MACCABI PLAYTIKA TEL AVIV,TEL,81,PARIS BASKETBALL,PRS,93,True
114,RS,13,"Dec 04, 2024",19:00,115,E2024_115,Regular Season,AS MONACO,MCO,80,OLYMPIACOS PIRAEUS,OLY,89,True
115,RS,13,"Dec 04, 2024",20:30,116,E2024_116,Regular Season,EA7 EMPORIO ARMANI MILAN,MIL,101,CRVENA ZVEZDA MERIDIANBET BELGRADE,RED,86,True
116,RS,13,"Dec 04, 2024",20:45,117,E2024_117,Regular Season,VIRTUS SEGAFREDO BOLOGNA,VIR,88,ALBA BERLIN,BER,90,True
117,RS,14,"Dec 05, 2024",19:00,118,E2024_118,Regular Season,ZALGIRIS KAUNAS,ZAL,85,ANADOLU EFES ISTANBUL,IST,72,True
118,RS,14,"Dec 05, 2024",20:30,119,E2024_119,Regular Season,FC BAYERN MUNICH,MUN,94,BASKONIA VITORIA-GASTEIZ,BAS,80,True
119,RS,14,"Dec 05, 2024",20:30,120,E2024_120,Regular Season,PARTIZAN MOZZART BET BELGRADE,PAR,91,PANATHINAIKOS AKTOR ATHENS,PAN,73,True
120,RS,14,"Dec 05, 2024",20:45,121,E2024_121,Regular Season,REAL MADRID,MAD,70,FENERBAHCE BEKO ISTANBUL,ULK,82,True
121,RS,14,"Dec 05, 2024",20:05,122,E2024_122,Regular Season,MACCABI PLAYTIKA TEL AVIV,TEL,86,FC BARCELONA,BAR,88,True
122,RS,14,"Dec 06, 2024",19:00,123,E2024_123,Regular Season,AS MONACO,MCO,100,ALBA BERLIN,BER,80,True
123,RS,14,"Dec 06, 2024",20:15,124,E2024_124,Regular Season,OLYMPIACOS PIRAEUS,OLY,90,PARIS BASKETBALL,PRS,96,True
124,RS,14,"Dec 06, 2024",20:30,125,E2024_125,Regular Season,VIRTUS SEGAFREDO BOLOGNA,VIR,87,CRVENA ZVEZDA MERIDIANBET BELGRADE,RED,94,True
125,RS,14,"Dec 06, 2024",20:45,126,E2024_126,Regular Season,EA7 EMPORIO ARMANI MILAN,MIL,92,LDLC ASVEL VILLEURBANNE,ASV,84,True
126,RS,15,"Dec 12, 2024",18:45,127,E2024_127,Regular Season,FENERBAHCE BEKO ISTANBUL,ULK,69,AS MONACO,MCO,99,True
127,RS,15,"Dec 12, 2024",19:00,128,E2024_128,Regular Season,ALBA BERLIN,BER,90,PARTIZAN MOZZART BET BELGRADE,PAR,91,True
128,RS,15,"Dec 12, 2024",20:30,129,E2024_129,Regular Season,BASKONIA VITORIA-GASTEIZ,BAS,81,VIRTUS SEGAFREDO BOLOGNA,VIR,82,True
129,RS,15,"Dec 12, 2024",20:45,130,E2024_130,Regular Season,FC BAYERN MUNICH,MUN,98,MACCABI PLAYTIKA TEL AVIV,TEL,93,True
130,RS,15,"Dec 12, 2024",20:45,131,E2024_131,Regular Season,REAL MADRID,MAD,83,ZALGIRIS KAUNAS,ZAL,92,True
131,RS,15,"Dec 13, 2024",18:30,132,E2024_132,Regular Season,ANADOLU EFES ISTANBUL,IST,93,PANATHINAIKOS AKTOR ATHENS,PAN,67,True
132,RS,15,"Dec 13, 2024",20:30,133,E2024_133,Regular Season,CRVENA ZVEZDA MERIDIANBET BELGRADE,RED,87,OLYMPIACOS PIRAEUS,OLY,73,True
133,RS,15,"Dec 13, 2024",20:30,134,E2024_134,Regular Season,FC BARCELONA,BAR,81,EA7 EMPORIO ARMANI MILAN,MIL,94,True
134,RS,15,"Dec 13, 2024",21:00,135,E2024_135,Regular Season,LDLC ASVEL VILLEURBANNE,ASV,98,PARIS BASKETBALL,PRS,93,True
135,RS,16,"Dec 17, 2024",19:00,136,E2024_136,Regular Season,AS MONACO,MCO,93,FC BAYERN MUNICH,MUN,74,True
136,RS,16,"Dec 17, 2024",20:15,137,E2024_137,Regular Season,PANATHINAIKOS AKTOR ATHENS,PAN,103,EA7 EMPORIO ARMANI MILAN,MIL,74,True
137,RS,16,"Dec 17, 2024",20:30,138,E2024_138,Regular Season,FC BARCELONA,BAR,90,FENERBAHCE BEKO ISTANBUL,ULK,63,True
138,RS,16,"Dec 17, 2024",20:30,139,E2024_139,Regular Season,PARIS BASKETBALL,PRS,85,REAL MADRID,MAD,96,True
139,RS,16,"Dec 17, 2024",20:45,140,E2024_140,Regular Season,ALBA BERLIN,BER,66,ZALGIRIS KAUNAS,ZAL,86,True
140,RS,16,"Dec 17, 2024",20:05,141,E2024_141,Regular Season,MACCABI PLAYTIKA TEL AVIV,TEL,85,BASKONIA VITORIA-GASTEIZ,BAS,95,True
141,RS,16,"Dec 18, 2024",18:30,142,E2024_142,Regular Season,ANADOLU EFES ISTANBUL,IST,89,CRVENA ZVEZDA MERIDIANBET BELGRADE,RED,67,True
142,RS,16,"Dec 18, 2024",20:15,143,E2024_143,Regular Season,OLYMPIACOS PIRAEUS,OLY,87,VIRTUS SEGAFREDO BOLOGNA,VIR,77,True
143,RS,16,"Dec 17, 2024",20:45,144,E2024_144,Regular Season,PARTIZAN MOZZART BET BELGRADE,PAR,79,LDLC ASVEL VILLEURBANNE,ASV,82,True
144,RS,17,"Dec 19, 2024",18:45,145,E2024_145,Regular Season,PANATHINAIKOS AKTOR ATHENS,PAN,104,BASKONIA VITORIA-GASTEIZ,BAS,69,True
145,RS,17,"Dec 19, 2024",20:45,147,E2024_147,Regular Season,REAL MADRID,MAD,94,AS MONACO,MCO,72,True
146,RS,17,"Dec 20, 2024",18:30,148,E2024_148,Regular Season,ANADOLU EFES ISTANBUL,IST,86,PARTIZAN MOZZART BET BELGRADE,PAR,77,True
147,RS,17,"Dec 20, 2024",19:00,149,E2024_149,Regular Season,ZALGIRIS KAUNAS,ZAL,72,LDLC ASVEL VILLEURBANNE,ASV,78,True
148,RS,17,"Dec 20, 2024",20:00,150,E2024_150,Regular Season,VIRTUS SEGAFREDO BOLOGNA,VIR,86,FC BARCELONA,BAR,81,True
149,RS,17,"Dec 20, 2024",20:15,151,E2024_151,Regular Season,OLYMPIACOS PIRAEUS,OLY,90,ALBA BERLIN,BER,85,True
150,RS,17,"Dec 20, 2024",20:30,152,E2024_152,Regular Season,CRVENA ZVEZDA MERIDIANBET BELGRADE,RED,81,MACCABI PLAYTIKA TEL AVIV,TEL,73,True
151,RS,17,"Dec 20, 2024",21:00,153,E2024_153,Regular Season,EA7 EMPORIO ARMANI MILAN,MIL,78,FC BAYERN MUNICH,MUN,79,True
152,RS,18,"Dec 26, 2024",19:00,154,E2024_154,Regular Season,AS MONACO,MCO,94,ANADOLU EFES ISTANBUL,IST,75,True
153,RS,18,"Dec 26, 2024",19:00,155,E2024_155,Regular Season,ALBA BERLIN,BER,69,REAL MADRID,MAD,80,True
154,RS,18,"Dec 26, 2024",20:30,156,E2024_156,Regular Season,EA7 EMPORIO ARMANI MILAN,MIL,83,OLYMPIACOS PIRAEUS,OLY,84,True
155,RS,18,"Dec 26, 2024",20:05,157,E2024_157,Regular Season,MACCABI PLAYTIKA TEL AVIV,TEL,95,ZALGIRIS KAUNAS,ZAL,78,True
156,RS,18,"Dec 27, 2024",20:30,158,E2024_158,Regular Season,FC BARCELONA,BAR,74,CRVENA ZVEZDA MERIDIANBET BELGRADE,RED,78,True
157,RS,18,"Dec 27, 2024",20:30,159,E2024_159,Regular Season,PARTIZAN MOZZART BET BELGRADE,PAR,90,FENERBAHCE BEKO ISTANBUL,ULK,81,True
158,RS,18,"Dec 27, 2024",20:30,160,E2024_160,Regular Season,BASKONIA VITORIA-GASTEIZ,BAS,94,PARIS BASKETBALL,PRS,81,True
159,RS,18,"Dec 27, 2024",20:30,161,E2024_161,Regular Season,FC BAYERN MUNICH,MUN,69,PANATHINAIKOS AKTOR ATHENS,PAN,80,True
160,RS,18,"Dec 27, 2024",20:30,162,E2024_162,Regular Season,VIRTUS SEGAFREDO BOLOGNA,VIR,83,LDLC ASVEL VILLEURBANNE,ASV,69,True
161,RS,19,"Jan 02, 2025",19:00,163,E2024_163,Regular Season,ZALGIRIS KAUNAS,ZAL,85,OLYMPIACOS PIRAEUS,OLY,92,True
162,RS,19,"Jan 02, 2025",20:00,164,E2024_164,Regular Season,ALBA BERLIN,BER,90,AS MONACO,MCO,105,True
163,RS,19,"Jan 02, 2025",20:00,165,E2024_165,Regular Season,LDLC ASVEL VILLEURBANNE,ASV,66,EA7 EMPORIO ARMANI MILAN,MIL,75,True
164,RS,19,"Jan 02, 2025",20:30,166,E2024_166,Regular Season,BASKONIA VITORIA-GASTEIZ,BAS,73,CRVENA ZVEZDA MERIDIANBET BELGRADE,RED,75,True
165,RS,19,"Jan 03, 2025",18:45,167,E2024_167,Regular Season,FENERBAHCE BEKO ISTANBUL,ULK,84,ANADOLU EFES ISTANBUL,IST,76,True
166,RS,19,"Jan 03, 2025",20:15,168,E2024_168,Regular Season,PANATHINAIKOS AKTOR ATHENS,PAN,111,VIRTUS SEGAFREDO BOLOGNA,VIR,90,True
167,RS,19,"Jan 03, 2025",20:15,169,E2024_169,Regular Season,PARIS BASKETBALL,PRS,79,FC BARCELONA,BAR,90,True
168,RS,19,"Jan 03, 2025",20:30,170,E2024_170,Regular Season,PARTIZAN MOZZART BET BELGRADE,PAR,98,MACCABI PLAYTIKA TEL AVIV,TEL,75,True
169,RS,19,"Jan 03, 2025",21:00,171,E2024_171,Regular Season,REAL MADRID,MAD,88,FC BAYERN MUNICH,MUN,76,True
170,RS,20,"Jan 09, 2025",18:45,172,E2024_172,Regular Season,FENERBAHCE BEKO ISTANBUL,ULK,90,ALBA BERLIN,BER,73,True
171,RS,20,"Jan 09, 2025",19:00,173,E2024_173,Regular Season,AS MONACO,MCO,84,FC BARCELONA,BAR,98,True
172,RS,20,"Jan 09, 2025",20:15,174,E2024_174,Regular Season,PANATHINAIKOS AKTOR ATHENS,PAN,96,PARTIZAN MOZZART BET BELGRADE,PAR,84,True
173,RS,20,"Jan 09, 2025",20:05,175,E2024_175,Regular Season,MACCABI PLAYTIKA TEL AVIV,TEL,74,EA7 EMPORIO ARMANI MILAN,MIL,107,True
174,RS,20,"Jan 10, 2025",18:30,176,E2024_176,Regular Season,ANADOLU EFES ISTANBUL,IST,76,LDLC ASVEL VILLEURBANNE,ASV,82,True
175,RS,20,"Jan 10, 2025",19:00,177,E2024_177,Regular Season,ZALGIRIS KAUNAS,ZAL,64,REAL MADRID,MAD,83,True
176,RS,20,"Jan 10, 2025",20:00,178,E2024_178,Regular Season,CRVENA ZVEZDA MERIDIANBET BELGRADE,RED,85,PARIS BASKETBALL,PRS,69,True
177,RS,20,"Jan 10, 2025",20:15,179,E2024_179,Regular Season,OLYMPIACOS PIRAEUS,OLY,112,FC BAYERN MUNICH,MUN,69,True
178,RS,20,"Jan 10, 2025",20:45,180,E2024_180,Regular Season,VIRTUS SEGAFREDO BOLOGNA,VIR,76,BASKONIA VITORIA-GASTEIZ,BAS,74,True
179,RS,21,"Jan 14, 2025",20:00,181,E2024_181,Regular Season,LDLC ASVEL VILLEURBANNE,ASV,62,PARTIZAN MOZZART BET BELGRADE,PAR,93,True
180,RS,21,"Jan 14, 2025",20:30,182,E2024_182,Regular Season,BASKONIA VITORIA-GASTEIZ,BAS,101,OLYMPIACOS PIRAEUS,OLY,102,True
181,RS,21,"Jan 14, 2025",20:30,183,E2024_183,Regular Season,EA7 EMPORIO ARMANI MILAN,MIL,100,ALBA BERLIN,BER,68,True
182,RS,21,"Jan 14, 2025",20:30,184,E2024_184,Regular Season,PARIS BASKETBALL,PRS,88,ANADOLU EFES ISTANBUL,IST,84,True
183,RS,21,"Jan 14, 2025",20:45,185,E2024_185,Regular Season,REAL MADRID,MAD,116,MACCABI PLAYTIKA TEL AVIV,TEL,113,True
184,RS,21,"Jan 15, 2025",19:00,186,E2024_186,Regular Season,ZALGIRIS KAUNAS,ZAL,77,VIRTUS SEGAFREDO BOLOGNA,VIR,68,True
185,RS,21,"Jan 15, 2025",20:00,187,E2024_187,Regular Season,CRVENA ZVEZDA MERIDIANBET BELGRADE,RED,91,FENERBAHCE BEKO ISTANBUL,ULK,96,True
186,RS,21,"Jan 15, 2025",20:30,188,E2024_188,Regular Season,FC BARCELONA,BAR,82,PANATHINAIKOS AKTOR ATHENS,PAN,73,True
187,RS,21,"Jan 15, 2025",20:30,189,E2024_189,Regular Season,FC BAYERN MUNICH,MUN,95,AS MONACO,MCO,94,True
188,RS,22,"Jan 16, 2025",20:00,190,E2024_190,Regular Season,LDLC ASVEL VILLEURBANNE,ASV,96,ALBA BERLIN,BER,89,True
189,RS,22,"Jan 16, 2025",20:30,191,E2024_191,Regular Season,EA7 EMPORIO ARMANI MILAN,MIL,70,PARTIZAN MOZZART BET BELGRADE,PAR,90,True
190,RS,22,"Jan 16, 2025",20:30,192,E2024_192,Regular Season,PARIS BASKETBALL,PRS,96,MACCABI PLAYTIKA TEL AVIV,TEL,83,True
191,RS,22,"Jan 16, 2025",20:45,193,E2024_193,Regular Season,REAL MADRID,MAD,86,OLYMPIACOS PIRAEUS,OLY,96,True
192,RS,22,"Jan 17, 2025",18:45,194,E2024_194,Regular Season,FENERBAHCE BEKO ISTANBUL,ULK,98,ZALGIRIS KAUNAS,ZAL,86,True
193,RS,22,"Jan 17, 2025",20:00,195,E2024_195,Regular Season,CRVENA ZVEZDA MERIDIANBET BELGRADE,RED,88,AS MONACO,MCO,82,True
194,RS,22,"Jan 17, 2025",20:30,196,E2024_196,Regular Season,BASKONIA VITORIA-GASTEIZ,BAS,91,PANATHINAIKOS AKTOR ATHENS,PAN,77,True
195,RS,22,"Jan 17, 2025",20:30,197,E2024_197,Regular Season,FC BAYERN MUNICH,MUN,72,VIRTUS SEGAFREDO BOLOGNA,VIR,82,True
196,RS,22,"Jan 17, 2025",20:45,198,E2024_198,Regular Season,FC BARCELONA,BAR,90,ANADOLU EFES ISTANBUL,IST,80,True
197,RS,23,"Jan 23, 2025",18:30,199,E2024_199,Regular Season,ANADOLU EFES ISTANBUL,IST,110,EA7 EMPORIO ARMANI MILAN,MIL,66,True
198,RS,23,"Jan 23, 2025",20:15,200,E2024_200,Regular Season,PANATHINAIKOS AKTOR ATHENS,PAN,89,ZALGIRIS KAUNAS,ZAL,76,True
199,RS,23,"Jan 23, 2025",20:30,201,E2024_201,Regular Season,VIRTUS SEGAFREDO BOLOGNA,VIR,80,AS MONACO,MCO,86,True
200,RS,23,"Jan 23, 2025",20:45,202,E2024_202,Regular Season,REAL MADRID,MAD,90,BASKONIA VITORIA-GASTEIZ,BAS,89,True
201,RS,23,"Jan 23, 2025",20:05,203,E2024_203,Regular Season,MACCABI PLAYTIKA TEL AVIV,TEL,85,CRVENA ZVEZDA MERIDIANBET BELGRADE,RED,73,True
202,RS,23,"Jan 24, 2025",20:00,204,E2024_204,Regular Season,ALBA BERLIN,BER,84,FC BAYERN MUNICH,MUN,99,True
203,RS,23,"Jan 24, 2025",20:00,205,E2024_205,Regular Season,LDLC ASVEL VILLEURBANNE,ASV,100,FC BARCELONA,BAR,94,True
204,RS,23,"Jan 24, 2025",20:15,206,E2024_206,Regular Season,OLYMPIACOS PIRAEUS,OLY,77,FENERBAHCE BEKO ISTANBUL,ULK,87,True
205,RS,23,"Jan 22, 2025",20:30,207,E2024_207,Regular Season,PARTIZAN MOZZART BET BELGRADE,PAR,92,PARIS BASKETBALL,PRS,86,True
206,RS,24,"Jan 30, 2025",19:00,208,E2024_208,Regular Season,ZALGIRIS KAUNAS,ZAL,82,FC BAYERN MUNICH,MUN,97,True
207,RS,24,"Jan 30, 2025",20:30,209,E2024_209,Regular Season,BASKONIA VITORIA-GASTEIZ,BAS,88,FC BARCELONA,BAR,86,True
208,RS,24,"Jan 30, 2025",20:30,210,E2024_210,Regular Season,EA7 EMPORIO ARMANI MILAN,MIL,87,PANATHINAIKOS AKTOR ATHENS,PAN,75,True
209,RS,24,"Jan 30, 2025",20:30,211,E2024_211,Regular Season,PARIS BASKETBALL,PRS,91,LDLC ASVEL VILLEURBANNE,ASV,82,True
210,RS,24,"Jan 30, 2025",20:05,212,E2024_212,Regular Season,MACCABI PLAYTIKA TEL AVIV,TEL,87,ALBA BERLIN,BER,93,True
211,RS,24,"Jan 31, 2025",18:30,213,E2024_213,Regular Season,FENERBAHCE BEKO ISTANBUL,ULK,95,VIRTUS SEGAFREDO BOLOGNA,VIR,81,True
212,RS,24,"Jan 31, 2025",19:00,214,E2024_214,Regular Season,AS MONACO,MCO,77,REAL MADRID,MAD,73,True
213,RS,24,"Jan 31, 2025",20:15,215,E2024_215,Regular Season,OLYMPIACOS PIRAEUS,OLY,92,ANADOLU EFES ISTANBUL,IST,89,True
214,RS,24,"Jan 31, 2025",20:30,216,E2024_216,Regular Season,PARTIZAN MOZZART BET BELGRADE,PAR,71,CRVENA ZVEZDA MERIDIANBET BELGRADE,RED,73,True
215,RS,25,"Feb 04, 2025",18:30,217,E2024_217,Regular Season,ANADOLU EFES ISTANBUL,IST,79,REAL MADRID,MAD,73,True
216,RS,25,"Feb 04, 2025",19:00,218,E2024_218,Regular Season,ZALGIRIS KAUNAS,ZAL,73,ALBA BERLIN,BER,53,True
217,RS,25,"Feb 04, 2025",20:00,219,E2024_219,Regular Season,CRVENA ZVEZDA MERIDIANBET BELGRADE,RED,73,LDLC ASVEL VILLEURBANNE,ASV,66,True
218,RS,25,"Feb 04, 2025",20:15,220,E2024_220,Regular Season,PANATHINAIKOS AKTOR ATHENS,PAN,91,FENERBAHCE BEKO ISTANBUL,ULK,90,True
219,RS,25,"Feb 04, 2025",20:45,221,E2024_221,Regular Season,FC BAYERN MUNICH,MUN,87,EA7 EMPORIO ARMANI MILAN,MIL,70,True
220,RS,25,"Feb 05, 2025",19:00,222,E2024_222,Regular Season,AS MONACO,MCO,92,BASKONIA VITORIA-GASTEIZ,BAS,85,True
221,RS,25,"Feb 05, 2025",20:30,223,E2024_223,Regular Season,FC BARCELONA,BAR,100,MACCABI PLAYTIKA TEL AVIV,TEL,71,True
222,RS,25,"Feb 05, 2025",20:30,224,E2024_224,Regular Season,PARIS BASKETBALL,PRS,73,OLYMPIACOS PIRAEUS,OLY,90,True
223,RS,25,"Feb 05, 2025",20:30,225,E2024_225,Regular Season,VIRTUS SEGAFREDO BOLOGNA,VIR,71,PARTIZAN MOZZART BET BELGRADE,PAR,81,True
224,RS,26,"Feb 06, 2025",18:30,226,E2024_226,Regular Season,FENERBAHCE BEKO ISTANBUL,ULK,78,REAL MADRID,MAD,67,True
225,RS,26,"Feb 06, 2025",19:00,227,E2024_227,Regular Season,ALBA BERLIN,BER,71,CRVENA ZVEZDA MERIDIANBET BELGRADE,RED,77,True
226,RS,26,"Feb 06, 2025",19:00,228,E2024_228,Regular Season,ZALGIRIS KAUNAS,ZAL,87,EA7 EMPORIO ARMANI MILAN,MIL,89,True
227,RS,26,"Feb 06, 2025",20:15,229,E2024_229,Regular Season,PANATHINAIKOS AKTOR ATHENS,PAN,104,ANADOLU EFES ISTANBUL,IST,89,True
228,RS,26,"Feb 06, 2025",20:30,230,E2024_230,Regular Season,FC BAYERN MUNICH,MUN,76,LDLC ASVEL VILLEURBANNE,ASV,67,True
229,RS,26,"Feb 07, 2025",19:00,231,E2024_231,Regular Season,AS MONACO,MCO,69,PARTIZAN MOZZART BET BELGRADE,PAR,86,True
230,RS,26,"Feb 07, 2025",20:30,232,E2024_232,Regular Season,BASKONIA VITORIA-GASTEIZ,BAS,89,MACCABI PLAYTIKA TEL AVIV,TEL,82,True
231,RS,26,"Feb 07, 2025",20:30,233,E2024_233,Regular Season,FC BARCELONA,BAR,88,OLYMPIACOS PIRAEUS,OLY,90,True
232,RS,26,"Feb 07, 2025",20:30,234,E2024_234,Regular Season,VIRTUS SEGAFREDO BOLOGNA,VIR,77,PARIS BASKETBALL,PRS,83,True
